#BioSample,Organism group,Scientific name,Antibiotic,Resistance phenotype,Measurement sign,MIC (mg/L)
SAMN26309256,E.coli and Shigella,Escherichia coli,ciprofloxacin,resistant,>,2.0
SAMN05194542,E.coli and Shigella,Escherichia coli,ciprofloxacin,resistant,>=,4.0
SAMN11953915,E.coli and Shigella,Escherichia coli,ciprofloxacin,resistant,>,8.0
SAMN26308774,E.coli and Shigella,Escherichia coli,ciprofloxacin,resistant,>,2.0
SAMN13836993,E.coli and Shigella,Escherichia coli,ciprofloxacin,resistant,==,
SAMN55283950,E.coli and Shigella,Escherichia coli,ciprofloxacin,resistant,>,2.0
SAMN10620129,E.coli and Shigella,Escherichia coli,ciprofloxacin,resistant,>=,4.0
SAMN47623359,E.coli and Shigella,Escherichia coli O187:H4,ciprofloxacin,resistant,==,0.12
SAMN31087199,E.coli and Shigella,Escherichia coli,ciprofloxacin,resistant,==,0.12
SAMN31087338,E.coli and Shigella,Escherichia coli,ciprofloxacin,resistant,==,0.25
SAMN04096291,E.coli and Shigella,Escherichia coli,ciprofloxacin,resistant,>=,4.0
SAMN43694180,E.coli and Shigella,Shigella flexneri,ciprofloxacin,resistant,==,
SAMN36726672,E.coli and Shigella,Escherichia coli,ciprofloxacin,resistant,>=,4.0
SAMN43694157,E.coli and Shigella,Shigella sonnei,ciprofloxacin,resistant,==,
SAMN43694165,E.coli and Shigella,Shigella flexneri,ciprofloxacin,resistant,==,
SAMN07332520,E.coli and Shigella,Escherichia coli,ciprofloxacin,resistant,>=,4.0
SAMN31087289,E.coli and Shigella,Escherichia coli,ciprofloxacin,resistant,==,0.5
SAMN36729021,E.coli and Shigella,Escherichia coli,ciprofloxacin,resistant,>=,4.0
SAMN31087090,E.coli and Shigella,Escherichia coli,ciprofloxacin,resistant,>,8.0
SAMN26304556,E.coli and Shigella,Escherichia coli,ciprofloxacin,resistant,>,2.0
SAMN37516941,E.coli and Shigella,Escherichia coli,ciprofloxacin,resistant,>=,4.0
SAMN05774075,E.coli and Shigella,Escherichia coli,ciprofloxacin,resistant,>=,4.0
SAMN07450847,E.coli and Shigella,Escherichia coli,ciprofloxacin,resistant,>=,4.0
SAMN47623384,E.coli and Shigella,"Escherichia coli O8,155:H11",ciprofloxacin,resistant,==,8.0
SAMN03177656,E.coli and Shigella,Escherichia coli,ciprofloxacin,resistant,>,4.0
SAMN31087361,E.coli and Shigella,Escherichia coli,ciprofloxacin,resistant,==,0.25
SAMN06007769,E.coli and Shigella,Escherichia coli,ciprofloxacin,resistant,>=,4.0
SAMN23404404,E.coli and Shigella,Escherichia coli,ciprofloxacin,resistant,>,64.0
SAMN51434465,E.coli and Shigella,Escherichia coli,ciprofloxacin,resistant,<,0.06
SAMN16887358,E.coli and Shigella,Escherichia coli,ciprofloxacin,resistant,>,8.0
SAMN36726425,E.coli and Shigella,Escherichia coli,ciprofloxacin,resistant,>=,4.0
SAMN47623348,E.coli and Shigella,Escherichia coli H32,ciprofloxacin,resistant,==,0.25
SAMN26308888,E.coli and Shigella,Escherichia coli,ciprofloxacin,resistant,>,2.0
SAMN48878707,E.coli and Shigella,Escherichia coli,ciprofloxacin,resistant,>=,4.0
SAMN26309244,E.coli and Shigella,Escherichia coli,ciprofloxacin,resistant,>,2.0
SAMN06007776,E.coli and Shigella,Escherichia coli,ciprofloxacin,resistant,>=,4.0
SAMN26308831,E.coli and Shigella,Escherichia coli,ciprofloxacin,resistant,>,2.0
SAMN26309228,E.coli and Shigella,Escherichia coli,ciprofloxacin,resistant,>,2.0
SAMN40930645,E.coli and Shigella,Escherichia coli,ciprofloxacin,resistant,>=,4.0
SAMN36726478,E.coli and Shigella,Escherichia coli,ciprofloxacin,resistant,>=,8.0
SAMN19670108,E.coli and Shigella,Escherichia coli,ciprofloxacin,resistant,>,2.0
SAMN04122819,E.coli and Shigella,Escherichia coli,ciprofloxacin,resistant,>=,4.0
SAMN26304623,E.coli and Shigella,Escherichia coli,ciprofloxacin,resistant,>,2.0
SAMN48878943,E.coli and Shigella,Escherichia coli,ciprofloxacin,resistant,>=,4.0
SAMN26304553,E.coli and Shigella,Escherichia coli,ciprofloxacin,resistant,>,2.0
SAMN13837003,E.coli and Shigella,Escherichia coli,ciprofloxacin,resistant,==,
SAMN31087257,E.coli and Shigella,Escherichia coli,ciprofloxacin,resistant,==,0.12
SAMN12990657,E.coli and Shigella,Escherichia coli,ciprofloxacin,resistant,==,0.25
SAMN36729080,E.coli and Shigella,Escherichia coli,ciprofloxacin,resistant,>=,4.0
SAMN48878650,E.coli and Shigella,Escherichia coli,ciprofloxacin,resistant,>=,4.0
SAMN03177624,E.coli and Shigella,Escherichia coli,ciprofloxacin,resistant,>,4.0
SAMN03177636,E.coli and Shigella,Escherichia coli,ciprofloxacin,resistant,>,4.0
SAMN10620158,E.coli and Shigella,Escherichia coli,ciprofloxacin,resistant,>=,4.0
SAMN36729119,E.coli and Shigella,Escherichia coli,ciprofloxacin,resistant,>=,4.0
SAMN48992318,E.coli and Shigella,Escherichia coli O8:H16,ciprofloxacin,resistant,==,0.5
SAMN26304761,E.coli and Shigella,Escherichia coli,ciprofloxacin,resistant,>,2.0
SAMN26308856,E.coli and Shigella,Escherichia coli,ciprofloxacin,resistant,>,2.0
SAMN26309198,E.coli and Shigella,Escherichia coli,ciprofloxacin,resistant,>,2.0
SAMN36728929,E.coli and Shigella,Escherichia coli,ciprofloxacin,resistant,>=,4.0
SAMN31087241,E.coli and Shigella,Escherichia coli,ciprofloxacin,resistant,==,0.5
SAMN48878736,E.coli and Shigella,Escherichia coli,ciprofloxacin,resistant,>=,4.0
SAMN48878857,E.coli and Shigella,Escherichia coli,ciprofloxacin,resistant,>=,4.0
SAMN36726638,E.coli and Shigella,Escherichia coli,ciprofloxacin,resistant,==,1.0
SAMN48992320,E.coli and Shigella,Escherichia coli O121:H11,ciprofloxacin,resistant,==,0.25
SAMN47623349,E.coli and Shigella,Escherichia coli O113:H4,ciprofloxacin,resistant,==,0.12
SAMN31087254,E.coli and Shigella,Escherichia coli,ciprofloxacin,resistant,==,0.25
SAMN31087215,E.coli and Shigella,Escherichia coli,ciprofloxacin,resistant,==,0.25
SAMN26308742,E.coli and Shigella,Escherichia coli,ciprofloxacin,resistant,>,2.0
SAMN36727270,E.coli and Shigella,Escherichia coli,ciprofloxacin,resistant,>=,4.0
SAMN48878370,E.coli and Shigella,Escherichia coli,ciprofloxacin,resistant,>=,4.0
SAMN26308793,E.coli and Shigella,Escherichia coli,ciprofloxacin,resistant,>,2.0
SAMN26309322,E.coli and Shigella,Escherichia coli,ciprofloxacin,resistant,>,2.0
SAMN47623332,E.coli and Shigella,Escherichia coli O102:H32,ciprofloxacin,resistant,==,0.25
SAMN26304355,E.coli and Shigella,Escherichia coli,ciprofloxacin,resistant,>,2.0
SAMN31087382,E.coli and Shigella,Escherichia coli,ciprofloxacin,resistant,>,8.0
SAMN48878772,E.coli and Shigella,Escherichia coli,ciprofloxacin,resistant,>=,4.0
SAMN36729192,E.coli and Shigella,Escherichia coli,ciprofloxacin,resistant,>=,4.0
SAMN11953912,E.coli and Shigella,Escherichia coli,ciprofloxacin,resistant,>,8.0
SAMN19670109,E.coli and Shigella,Escherichia coli,ciprofloxacin,resistant,>,2.0
SAMN10620115,E.coli and Shigella,Escherichia coli,ciprofloxacin,resistant,>=,4.0
SAMN36726462,E.coli and Shigella,Escherichia coli,ciprofloxacin,resistant,>=,4.0
SAMN12990620,E.coli and Shigella,Escherichia coli,ciprofloxacin,resistant,==,0.25
SAMN36728890,E.coli and Shigella,Escherichia coli,ciprofloxacin,resistant,>=,4.0
SAMN48878418,E.coli and Shigella,Escherichia coli,ciprofloxacin,resistant,>=,4.0
SAMN31413811,E.coli and Shigella,Escherichia coli,ciprofloxacin,resistant,>,4.0
SAMN10620160,E.coli and Shigella,Escherichia coli,ciprofloxacin,resistant,>=,4.0
SAMN36728956,E.coli and Shigella,Escherichia coli,ciprofloxacin,resistant,>=,4.0
SAMN10748605,E.coli and Shigella,Escherichia coli,ciprofloxacin,resistant,==,
SAMN48878957,E.coli and Shigella,Escherichia coli,ciprofloxacin,resistant,>=,4.0
SAMN48992314,E.coli and Shigella,"Escherichia coli O21,81:H5,27",ciprofloxacin,resistant,==,0.5
SAMN43694153,E.coli and Shigella,Shigella sonnei,ciprofloxacin,resistant,==,
SAMN36727292,E.coli and Shigella,Escherichia coli,ciprofloxacin,resistant,>=,4.0
SAMN31087183,E.coli and Shigella,Escherichia coli,ciprofloxacin,resistant,==,0.5
SAMN31087252,E.coli and Shigella,Escherichia coli,ciprofloxacin,resistant,>,8.0
SAMN36726624,E.coli and Shigella,Escherichia coli,ciprofloxacin,resistant,>=,4.0
SAMN36727319,E.coli and Shigella,Escherichia coli,ciprofloxacin,resistant,==,1.0
SAMN26308794,E.coli and Shigella,Escherichia coli,ciprofloxacin,resistant,>,2.0
SAMN26308848,E.coli and Shigella,Escherichia coli,ciprofloxacin,resistant,>,2.0
SAMN19670067,E.coli and Shigella,Escherichia coli,ciprofloxacin,resistant,>,2.0
SAMN26309325,E.coli and Shigella,Escherichia coli,ciprofloxacin,resistant,>,2.0
SAMN36726447,E.coli and Shigella,Escherichia coli,ciprofloxacin,resistant,>=,4.0
SAMN36726454,E.coli and Shigella,Escherichia coli,ciprofloxacin,resistant,>=,4.0
SAMN26308429,E.coli and Shigella,Escherichia coli,ciprofloxacin,resistant,>,2.0
SAMN37516893,E.coli and Shigella,Escherichia coli,ciprofloxacin,resistant,>=,4.0
SAMN36727317,E.coli and Shigella,Escherichia coli,ciprofloxacin,resistant,>=,4.0
SAMN05194543,E.coli and Shigella,Escherichia coli,ciprofloxacin,resistant,>=,4.0
SAMN26309270,E.coli and Shigella,Escherichia coli,ciprofloxacin,resistant,>,2.0
SAMN26309203,E.coli and Shigella,Escherichia coli,ciprofloxacin,resistant,>,2.0
SAMN48878824,E.coli and Shigella,Escherichia coli,ciprofloxacin,resistant,>=,4.0
SAMN48878399,E.coli and Shigella,Escherichia coli,ciprofloxacin,resistant,>=,4.0
SAMN26308566,E.coli and Shigella,Escherichia coli,ciprofloxacin,resistant,>,2.0
SAMN31087335,E.coli and Shigella,Escherichia coli,ciprofloxacin,resistant,==,0.25
SAMN10748446,E.coli and Shigella,Escherichia coli,ciprofloxacin,resistant,==,
SAMN04622923,E.coli and Shigella,Escherichia coli,ciprofloxacin,resistant,>=,4.0
SAMN31087177,E.coli and Shigella,Escherichia coli,ciprofloxacin,resistant,==,0.25
SAMN47623373,E.coli and Shigella,Escherichia coli O20:H45,ciprofloxacin,resistant,==,0.25
SAMN26309324,E.coli and Shigella,Escherichia coli,ciprofloxacin,resistant,>,2.0
SAMN04014925,E.coli and Shigella,Escherichia coli,ciprofloxacin,resistant,>,8.0
SAMN31087195,E.coli and Shigella,Escherichia coli,ciprofloxacin,resistant,==,0.5
SAMN51434405,E.coli and Shigella,Escherichia coli,ciprofloxacin,resistant,<,0.06
SAMN26305183,E.coli and Shigella,Escherichia coli,ciprofloxacin,resistant,>,2.0
SAMN26309433,E.coli and Shigella,Escherichia coli,ciprofloxacin,resistant,>,2.0
SAMN48878584,E.coli and Shigella,Escherichia coli,ciprofloxacin,resistant,>=,4.0
SAMN36729131,E.coli and Shigella,Escherichia coli,ciprofloxacin,resistant,>=,4.0
SAMN37516880,E.coli and Shigella,Escherichia coli,ciprofloxacin,resistant,>=,4.0
SAMN04339716,E.coli and Shigella,Escherichia coli,ciprofloxacin,resistant,>=,4.0
SAMN26308832,E.coli and Shigella,Escherichia coli,ciprofloxacin,resistant,>,2.0
SAMN10620150,E.coli and Shigella,Escherichia coli,ciprofloxacin,resistant,>=,4.0
SAMN10620122,E.coli and Shigella,Escherichia coli,ciprofloxacin,resistant,>=,4.0
SAMN36728941,E.coli and Shigella,Escherichia coli,ciprofloxacin,resistant,>=,4.0
SAMN19670120,E.coli and Shigella,Escherichia coli,ciprofloxacin,resistant,>,2.0
SAMN26309223,E.coli and Shigella,Escherichia coli,ciprofloxacin,resistant,>,2.0
SAMN31087099,E.coli and Shigella,Escherichia coli,ciprofloxacin,resistant,==,4.0
SAMN48878699,E.coli and Shigella,Escherichia coli,ciprofloxacin,resistant,>=,4.0
SAMN26304659,E.coli and Shigella,Escherichia coli,ciprofloxacin,resistant,>,2.0
SAMN05170070,E.coli and Shigella,Escherichia coli,ciprofloxacin,resistant,>,8.0
SAMN12359619,E.coli and Shigella,Escherichia coli,ciprofloxacin,resistant,==,0.5
SAMN26309212,E.coli and Shigella,Escherichia coli,ciprofloxacin,resistant,>,2.0
SAMN11638310,E.coli and Shigella,Escherichia coli,ciprofloxacin,resistant,==,256.0
SAMN26304411,E.coli and Shigella,Escherichia coli,ciprofloxacin,resistant,>,2.0
SAMN40930689,E.coli and Shigella,Escherichia coli,ciprofloxacin,resistant,>=,4.0
SAMN04622926,E.coli and Shigella,Escherichia coli,ciprofloxacin,resistant,>=,4.0
SAMN11953803,E.coli and Shigella,Escherichia coli,ciprofloxacin,resistant,>,8.0
SAMN11953911,E.coli and Shigella,Escherichia coli,ciprofloxacin,resistant,>,8.0
SAMN12990622,E.coli and Shigella,Escherichia coli,ciprofloxacin,resistant,==,0.5
SAMN36728991,E.coli and Shigella,Escherichia coli,ciprofloxacin,resistant,>=,4.0
SAMN19670073,E.coli and Shigella,Escherichia coli,ciprofloxacin,resistant,>,2.0
SAMN07325894,E.coli and Shigella,Escherichia coli,ciprofloxacin,resistant,>=,4.0
SAMN26308809,E.coli and Shigella,Escherichia coli,ciprofloxacin,resistant,>,2.0
SAMN05374480,E.coli and Shigella,Escherichia coli,ciprofloxacin,resistant,>=,4.0
SAMN10221040,E.coli and Shigella,Escherichia coli,ciprofloxacin,resistant,>,4.0
SAMN10620091,E.coli and Shigella,Escherichia coli,ciprofloxacin,resistant,>=,4.0
SAMN26305200,E.coli and Shigella,Escherichia coli,ciprofloxacin,resistant,>,2.0
SAMN36728971,E.coli and Shigella,Escherichia coli,ciprofloxacin,resistant,>=,4.0
SAMN04014852,E.coli and Shigella,Escherichia coli,ciprofloxacin,resistant,>,8.0
SAMN07291544,E.coli and Shigella,Escherichia coli,ciprofloxacin,resistant,>,8.0
SAMN26304572,E.coli and Shigella,Escherichia coli,ciprofloxacin,resistant,>,2.0
SAMN19670075,E.coli and Shigella,Escherichia coli,ciprofloxacin,resistant,>,2.0
SAMN47623304,E.coli and Shigella,Escherichia coli H10,ciprofloxacin,resistant,==,0.25
SAMN10620103,E.coli and Shigella,Escherichia coli,ciprofloxacin,resistant,>=,4.0
SAMN31087122,E.coli and Shigella,Escherichia coli,ciprofloxacin,resistant,>,8.0
SAMN26304876,E.coli and Shigella,Escherichia coli,ciprofloxacin,resistant,>,2.0
SAMN04122814,E.coli and Shigella,Escherichia coli,ciprofloxacin,resistant,>=,4.0
SAMN48878905,E.coli and Shigella,Escherichia coli,ciprofloxacin,resistant,>=,4.0
SAMN48992306,E.coli and Shigella,Escherichia coli O45:H4,ciprofloxacin,resistant,==,0.12
SAMN04622919,E.coli and Shigella,Escherichia coli,ciprofloxacin,resistant,>=,4.0
SAMN26308787,E.coli and Shigella,Escherichia coli,ciprofloxacin,resistant,>,2.0
SAMN31087381,E.coli and Shigella,Escherichia coli,ciprofloxacin,resistant,==,0.5
SAMN48878926,E.coli and Shigella,Escherichia coli,ciprofloxacin,resistant,>=,4.0
SAMN48878750,E.coli and Shigella,Escherichia coli,ciprofloxacin,resistant,>=,4.0
SAMN36729044,E.coli and Shigella,Escherichia coli,ciprofloxacin,resistant,>=,4.0
SAMN36728928,E.coli and Shigella,Escherichia coli,ciprofloxacin,resistant,>=,4.0
SAMN04096289,E.coli and Shigella,Escherichia coli,ciprofloxacin,resistant,>=,4.0
SAMN26304469,E.coli and Shigella,Escherichia coli,ciprofloxacin,resistant,>,2.0
SAMN04014847,E.coli and Shigella,Escherichia coli,ciprofloxacin,resistant,>,8.0
SAMN26304412,E.coli and Shigella,Escherichia coli,ciprofloxacin,resistant,>,2.0
SAMN26304555,E.coli and Shigella,Escherichia coli,ciprofloxacin,resistant,>,2.0
SAMN19670117,E.coli and Shigella,Escherichia coli,ciprofloxacin,resistant,>,2.0
SAMN48878306,E.coli and Shigella,Escherichia coli,ciprofloxacin,resistant,>=,4.0
SAMN26308823,E.coli and Shigella,Escherichia coli,ciprofloxacin,resistant,>,2.0
SAMN13482050,E.coli and Shigella,Escherichia coli,ciprofloxacin,resistant,==,0.5
SAMN05170224,E.coli and Shigella,Escherichia coli,ciprofloxacin,resistant,>,8.0
SAMN19670122,E.coli and Shigella,Escherichia coli,ciprofloxacin,resistant,>,2.0
SAMN31087376,E.coli and Shigella,Escherichia coli,ciprofloxacin,resistant,==,8.0
SAMN36726657,E.coli and Shigella,Escherichia coli,ciprofloxacin,resistant,>=,4.0
SAMN26308959,E.coli and Shigella,Escherichia coli,ciprofloxacin,resistant,>,2.0
SAMN31087284,E.coli and Shigella,Escherichia coli,ciprofloxacin,resistant,==,0.25
SAMN31413808,E.coli and Shigella,Escherichia coli,ciprofloxacin,resistant,>,4.0
SAMN31087123,E.coli and Shigella,Escherichia coli,ciprofloxacin,resistant,==,0.25
SAMN04279647,E.coli and Shigella,Escherichia coli,ciprofloxacin,resistant,>=,4.0
SAMN26308833,E.coli and Shigella,Escherichia coli,ciprofloxacin,resistant,>,2.0
SAMN03075589,E.coli and Shigella,Escherichia coli,ciprofloxacin,resistant,>=,4.0
SAMN05170213,E.coli and Shigella,Escherichia coli,ciprofloxacin,resistant,>,8.0
SAMN55283945,E.coli and Shigella,Escherichia coli,ciprofloxacin,resistant,>,2.0
SAMN36726481,E.coli and Shigella,Escherichia coli,ciprofloxacin,resistant,>=,4.0
SAMN47623362,E.coli and Shigella,Escherichia coli O166:H7,ciprofloxacin,resistant,==,0.5
SAMN31087167,E.coli and Shigella,Escherichia coli,ciprofloxacin,resistant,==,0.25
SAMN31087226,E.coli and Shigella,Escherichia coli,ciprofloxacin,resistant,==,0.25
SAMN36726424,E.coli and Shigella,Escherichia coli,ciprofloxacin,resistant,>=,4.0
SAMN10748581,E.coli and Shigella,Escherichia coli,ciprofloxacin,resistant,==,
SAMN16245247,E.coli and Shigella,Escherichia coli,ciprofloxacin,susceptible,<=,0.015
SAMN48878159,E.coli and Shigella,Escherichia coli,ciprofloxacin,susceptible,<=,0.25
SAMN12990681,E.coli and Shigella,Escherichia coli,ciprofloxacin,susceptible,<=,0.015
SAMN43564953,E.coli and Shigella,Escherichia coli,ciprofloxacin,susceptible,<=,0.015
SAMN12359588,E.coli and Shigella,Escherichia coli,ciprofloxacin,susceptible,<=,0.015
SAMN11372894,E.coli and Shigella,Escherichia coli,ciprofloxacin,susceptible,<=,0.015
SAMN13855149,E.coli and Shigella,Escherichia coli,ciprofloxacin,susceptible,<=,0.015
SAMN26309163,E.coli and Shigella,Escherichia coli,ciprofloxacin,susceptible,<=,0.5
SAMN10221341,E.coli and Shigella,Escherichia coli,ciprofloxacin,susceptible,<=,0.015
SAMN10221664,E.coli and Shigella,Escherichia coli,ciprofloxacin,susceptible,<=,0.015
SAMN26308812,E.coli and Shigella,Escherichia coli,ciprofloxacin,susceptible,<=,0.5
SAMN47623379,E.coli and Shigella,Escherichia coli H37,ciprofloxacin,susceptible,<=,0.02
SAMN43564969,E.coli and Shigella,Escherichia coli,ciprofloxacin,susceptible,<=,0.015
SAMN26305070,E.coli and Shigella,Escherichia coli,ciprofloxacin,susceptible,<=,0.5
SAMN26305150,E.coli and Shigella,Escherichia coli,ciprofloxacin,susceptible,<=,0.5
SAMN16245285,E.coli and Shigella,Escherichia coli,ciprofloxacin,susceptible,<=,0.015
SAMN31087317,E.coli and Shigella,Escherichia coli,ciprofloxacin,susceptible,==,0.03
SAMN16304153,E.coli and Shigella,Escherichia coli,ciprofloxacin,susceptible,<=,1.0
SAMN43563494,E.coli and Shigella,Escherichia coli,ciprofloxacin,susceptible,<=,0.015
SAMN13836990,E.coli and Shigella,Escherichia coli,ciprofloxacin,susceptible,==,
SAMN12360017,E.coli and Shigella,Escherichia coli,ciprofloxacin,susceptible,<=,0.015
SAMN10220975,E.coli and Shigella,Escherichia coli,ciprofloxacin,susceptible,<=,0.015
SAMN12359945,E.coli and Shigella,Escherichia coli,ciprofloxacin,susceptible,<=,0.015
SAMN13836986,E.coli and Shigella,Escherichia coli,ciprofloxacin,susceptible,==,
SAMN26304816,E.coli and Shigella,Escherichia coli,ciprofloxacin,susceptible,<=,0.5
SAMN43564667,E.coli and Shigella,Escherichia coli,ciprofloxacin,susceptible,<=,0.015
SAMN43564356,E.coli and Shigella,Escherichia coli,ciprofloxacin,susceptible,<=,0.015
SAMN14448590,E.coli and Shigella,Escherichia coli,ciprofloxacin,susceptible,<=,0.015
SAMN26308477,E.coli and Shigella,Escherichia coli,ciprofloxacin,susceptible,==,1.0
SAMN26305089,E.coli and Shigella,Escherichia coli,ciprofloxacin,susceptible,<=,0.5
SAMN03177648,E.coli and Shigella,Escherichia coli,ciprofloxacin,susceptible,==,0.06
SAMN43565156,E.coli and Shigella,Escherichia coli,ciprofloxacin,susceptible,<=,0.015
SAMN12360022,E.coli and Shigella,Escherichia coli,ciprofloxacin,susceptible,<=,0.015
SAMN12990696,E.coli and Shigella,Escherichia coli,ciprofloxacin,susceptible,<=,0.015
SAMN06015667,E.coli and Shigella,Escherichia coli,ciprofloxacin,susceptible,<=,0.25
SAMN26304636,E.coli and Shigella,Escherichia coli,ciprofloxacin,susceptible,<=,0.5
SAMN43563976,E.coli and Shigella,Escherichia coli,ciprofloxacin,susceptible,<=,0.015
SAMN16245229,E.coli and Shigella,Escherichia coli,ciprofloxacin,susceptible,<=,0.015
SAMN43563531,E.coli and Shigella,Escherichia coli,ciprofloxacin,susceptible,<=,0.015
SAMN03177677,E.coli and Shigella,Escherichia coli,ciprofloxacin,susceptible,<=,0.015
SAMN12359730,E.coli and Shigella,Escherichia coli,ciprofloxacin,susceptible,<=,0.015
SAMN12943742,E.coli and Shigella,Escherichia coli,ciprofloxacin,susceptible,<=,0.015
SAMN10221223,E.coli and Shigella,Escherichia coli,ciprofloxacin,susceptible,<=,0.015
SAMN26308996,E.coli and Shigella,Escherichia coli,ciprofloxacin,susceptible,<=,0.5
SAMN10220963,E.coli and Shigella,Escherichia coli,ciprofloxacin,susceptible,<=,0.015
SAMN51434410,E.coli and Shigella,Escherichia coli,ciprofloxacin,susceptible,>,4.0
SAMN12943705,E.coli and Shigella,Escherichia coli,ciprofloxacin,susceptible,<=,0.015
SAMN12360005,E.coli and Shigella,Escherichia coli,ciprofloxacin,susceptible,<=,0.015
SAMN26308420,E.coli and Shigella,Escherichia coli,ciprofloxacin,susceptible,<=,0.5
SAMN48878031,E.coli and Shigella,Escherichia coli,ciprofloxacin,susceptible,<=,0.25
SAMN43562996,E.coli and Shigella,Escherichia coli,ciprofloxacin,susceptible,<=,0.015
SAMN26304386,E.coli and Shigella,Escherichia coli,ciprofloxacin,susceptible,<=,0.5
SAMN19670113,E.coli and Shigella,Escherichia coli,ciprofloxacin,susceptible,<=,1.0
SAMN26309072,E.coli and Shigella,Escherichia coli,ciprofloxacin,susceptible,<=,0.5
SAMN43564924,E.coli and Shigella,Escherichia coli,ciprofloxacin,susceptible,<=,0.015
SAMN26304587,E.coli and Shigella,Escherichia coli,ciprofloxacin,susceptible,<=,0.5
SAMN48878348,E.coli and Shigella,Escherichia coli,ciprofloxacin,susceptible,<=,0.25
SAMN26308711,E.coli and Shigella,Escherichia coli,ciprofloxacin,susceptible,<=,0.5
SAMN11960651,E.coli and Shigella,Escherichia coli,ciprofloxacin,susceptible,<=,0.015
SAMN10220972,E.coli and Shigella,Escherichia coli,ciprofloxacin,susceptible,<=,0.015
SAMN10221657,E.coli and Shigella,Escherichia coli,ciprofloxacin,susceptible,<=,0.015
SAMN26308994,E.coli and Shigella,Escherichia coli,ciprofloxacin,susceptible,<=,0.5
SAMN26304507,E.coli and Shigella,Escherichia coli,ciprofloxacin,susceptible,<=,0.5
SAMN16304158,E.coli and Shigella,Escherichia coli,ciprofloxacin,susceptible,<=,1.0
SAMN26304628,E.coli and Shigella,Escherichia coli,ciprofloxacin,susceptible,<=,0.5
SAMN43564640,E.coli and Shigella,Escherichia coli,ciprofloxacin,susceptible,<=,0.015
SAMN16304077,E.coli and Shigella,Escherichia coli,ciprofloxacin,susceptible,<=,1.0
SAMN12943503,E.coli and Shigella,Escherichia coli,ciprofloxacin,susceptible,<=,0.015
SAMN16245118,E.coli and Shigella,Escherichia coli,ciprofloxacin,susceptible,<=,0.015
SAMN43565206,E.coli and Shigella,Escherichia coli,ciprofloxacin,susceptible,<=,0.015
SAMN12943651,E.coli and Shigella,Escherichia coli,ciprofloxacin,susceptible,<=,0.015
SAMN26308923,E.coli and Shigella,Escherichia coli,ciprofloxacin,susceptible,<=,0.5
SAMN06754732,E.coli and Shigella,Escherichia coli,ciprofloxacin,susceptible,==,1.0
SAMN26309290,E.coli and Shigella,Escherichia coli,ciprofloxacin,susceptible,<=,0.5
SAMN06641842,E.coli and Shigella,Escherichia coli,ciprofloxacin,susceptible,==,
SAMN48878913,E.coli and Shigella,Escherichia coli,ciprofloxacin,susceptible,<=,0.25
SAMN26308882,E.coli and Shigella,Escherichia coli,ciprofloxacin,susceptible,<=,0.5
SAMN16245235,E.coli and Shigella,Escherichia coli,ciprofloxacin,susceptible,<=,0.015
SAMN26308955,E.coli and Shigella,Escherichia coli,ciprofloxacin,susceptible,<=,0.5
SAMN43562771,E.coli and Shigella,Escherichia coli,ciprofloxacin,susceptible,<=,0.015
SAMN26304522,E.coli and Shigella,Escherichia coli,ciprofloxacin,susceptible,<=,0.5
SAMN11372906,E.coli and Shigella,Escherichia coli,ciprofloxacin,susceptible,<=,0.015
SAMN10620119,E.coli and Shigella,Escherichia coli,ciprofloxacin,susceptible,<=,0.25
SAMN12360020,E.coli and Shigella,Escherichia coli,ciprofloxacin,susceptible,<=,0.015
SAMN26304514,E.coli and Shigella,Escherichia coli,ciprofloxacin,susceptible,<=,0.5
SAMN26304511,E.coli and Shigella,Escherichia coli,ciprofloxacin,susceptible,<=,0.5
SAMN26304649,E.coli and Shigella,Escherichia coli,ciprofloxacin,susceptible,<=,0.5
SAMN10221406,E.coli and Shigella,Escherichia coli,ciprofloxacin,susceptible,<=,0.015
SAMN43562928,E.coli and Shigella,Escherichia coli,ciprofloxacin,susceptible,<=,0.015
SAMN43563190,E.coli and Shigella,Escherichia coli,ciprofloxacin,susceptible,<=,0.015
SAMN26304828,E.coli and Shigella,Escherichia coli,ciprofloxacin,susceptible,<=,0.5
SAMN43564392,E.coli and Shigella,Escherichia coli,ciprofloxacin,susceptible,<=,0.015
SAMN06641865,E.coli and Shigella,Escherichia coli,ciprofloxacin,susceptible,==,
SAMN48992303,E.coli and Shigella,"Escherichia coli O141,141ab,141ac:H29",ciprofloxacin,susceptible,<=,0.02
SAMN26304990,E.coli and Shigella,Escherichia coli,ciprofloxacin,susceptible,<=,0.5
SAMN12943467,E.coli and Shigella,Escherichia coli,ciprofloxacin,susceptible,<=,0.015
SAMN16304223,E.coli and Shigella,Escherichia coli,ciprofloxacin,susceptible,<=,1.0
SAMN12359672,E.coli and Shigella,Escherichia coli,ciprofloxacin,susceptible,<=,0.015
SAMN43564979,E.coli and Shigella,Escherichia coli,ciprofloxacin,susceptible,<=,0.015
SAMN26304839,E.coli and Shigella,Escherichia coli,ciprofloxacin,susceptible,<=,0.5
SAMN26304481,E.coli and Shigella,Escherichia coli,ciprofloxacin,susceptible,<=,0.5
SAMN26304796,E.coli and Shigella,Escherichia coli,ciprofloxacin,susceptible,<=,0.5
SAMN43563014,E.coli and Shigella,Escherichia coli,ciprofloxacin,susceptible,<=,0.015
SAMN26308872,E.coli and Shigella,Escherichia coli,ciprofloxacin,susceptible,<=,0.5
SAMN16245263,E.coli and Shigella,Escherichia coli,ciprofloxacin,susceptible,<=,0.015
SAMN26304704,E.coli and Shigella,Escherichia coli,ciprofloxacin,susceptible,==,1.0
SAMN26304734,E.coli and Shigella,Escherichia coli,ciprofloxacin,susceptible,<=,0.5
SAMN31087107,E.coli and Shigella,Escherichia coli,ciprofloxacin,susceptible,<=,0.015
SAMN26308759,E.coli and Shigella,Escherichia coli,ciprofloxacin,susceptible,<=,0.5
SAMN26308719,E.coli and Shigella,Escherichia coli,ciprofloxacin,susceptible,<=,0.5
SAMN43565055,E.coli and Shigella,Escherichia coli,ciprofloxacin,susceptible,<=,0.015
SAMN26304743,E.coli and Shigella,Escherichia coli,ciprofloxacin,susceptible,<=,0.5
SAMN10221560,E.coli and Shigella,Escherichia coli,ciprofloxacin,susceptible,<=,0.015
SAMN47623383,E.coli and Shigella,Escherichia coli O4:H45,ciprofloxacin,susceptible,<=,0.02
SAMN26308404,E.coli and Shigella,Escherichia coli,ciprofloxacin,susceptible,<=,0.5
SAMN13683693,E.coli and Shigella,Escherichia coli,ciprofloxacin,susceptible,<=,0.015
SAMN48878802,E.coli and Shigella,Escherichia coli,ciprofloxacin,susceptible,<=,0.25
SAMN12943618,E.coli and Shigella,Escherichia coli,ciprofloxacin,susceptible,<=,0.015
SAMN26304965,E.coli and Shigella,Escherichia coli,ciprofloxacin,susceptible,<=,0.5
SAMN31087201,E.coli and Shigella,Escherichia coli,ciprofloxacin,susceptible,==,0.03
SAMN12359894,E.coli and Shigella,Escherichia coli,ciprofloxacin,susceptible,<=,0.015
SAMN10221642,E.coli and Shigella,Escherichia coli,ciprofloxacin,susceptible,<=,0.015
SAMN26305165,E.coli and Shigella,Escherichia coli,ciprofloxacin,susceptible,==,1.0
SAMN26305254,E.coli and Shigella,Escherichia coli,ciprofloxacin,susceptible,<=,0.5
SAMN43563023,E.coli and Shigella,Escherichia coli,ciprofloxacin,susceptible,<=,0.015
SAMN12359542,E.coli and Shigella,Escherichia coli,ciprofloxacin,susceptible,<=,0.015
SAMN26309377,E.coli and Shigella,Escherichia coli,ciprofloxacin,susceptible,<=,0.5
SAMN11372905,E.coli and Shigella,Escherichia coli,ciprofloxacin,susceptible,<=,0.015
SAMN12990655,E.coli and Shigella,Escherichia coli,ciprofloxacin,susceptible,<=,0.015
SAMN26308357,E.coli and Shigella,Escherichia coli,ciprofloxacin,susceptible,<=,0.5
SAMN43563774,E.coli and Shigella,Escherichia coli,ciprofloxacin,susceptible,<=,0.015
SAMN12359933,E.coli and Shigella,Escherichia coli,ciprofloxacin,susceptible,<=,0.015
SAMN43563412,E.coli and Shigella,Escherichia coli,ciprofloxacin,susceptible,<=,0.015
SAMN26304793,E.coli and Shigella,Escherichia coli,ciprofloxacin,susceptible,<=,0.5
SAMN26304674,E.coli and Shigella,Escherichia coli,ciprofloxacin,susceptible,<=,0.5
SAMN11372848,E.coli and Shigella,Escherichia coli,ciprofloxacin,susceptible,==,0.03
SAMN12359697,E.coli and Shigella,Escherichia coli,ciprofloxacin,susceptible,<=,0.015
SAMN10221036,E.coli and Shigella,Escherichia coli,ciprofloxacin,susceptible,<=,0.015
SAMN26305127,E.coli and Shigella,Escherichia coli,ciprofloxacin,susceptible,<=,0.5
SAMN43562907,E.coli and Shigella,Escherichia coli,ciprofloxacin,susceptible,<=,0.015
SAMN43563802,E.coli and Shigella,Escherichia coli,ciprofloxacin,susceptible,<=,0.015
SAMN26304598,E.coli and Shigella,Escherichia coli,ciprofloxacin,susceptible,<=,0.5
SAMN26308900,E.coli and Shigella,Escherichia coli,ciprofloxacin,susceptible,<=,0.5
SAMN10221231,E.coli and Shigella,Escherichia coli,ciprofloxacin,susceptible,<=,0.015
SAMN11854358,E.coli and Shigella,Escherichia coli,ciprofloxacin,susceptible,<=,0.015
SAMN12273952,E.coli and Shigella,Escherichia coli,ciprofloxacin,susceptible,<=,0.015
SAMN26304727,E.coli and Shigella,Escherichia coli,ciprofloxacin,susceptible,<=,0.5
SAMN10221367,E.coli and Shigella,Escherichia coli,ciprofloxacin,susceptible,<=,0.015
SAMN16304253,E.coli and Shigella,Escherichia coli,ciprofloxacin,susceptible,<=,1.0
SAMN05510454,E.coli and Shigella,Escherichia coli,ciprofloxacin,susceptible,<=,0.25
SAMN10221051,E.coli and Shigella,Escherichia coli,ciprofloxacin,susceptible,<=,0.015
SAMN43564281,E.coli and Shigella,Escherichia coli,ciprofloxacin,susceptible,<=,0.015
SAMN16304085,E.coli and Shigella,Escherichia coli,ciprofloxacin,susceptible,<=,1.0
SAMN43563360,E.coli and Shigella,Escherichia coli,ciprofloxacin,susceptible,<=,0.015
SAMN26309359,E.coli and Shigella,Escherichia coli,ciprofloxacin,susceptible,<=,0.5
SAMN48878059,E.coli and Shigella,Escherichia coli,ciprofloxacin,susceptible,<=,0.25
SAMN26305148,E.coli and Shigella,Escherichia coli,ciprofloxacin,susceptible,<=,0.5
SAMN36729132,E.coli and Shigella,Escherichia coli,ciprofloxacin,susceptible,<=,0.25
SAMN43564868,E.coli and Shigella,Escherichia coli,ciprofloxacin,susceptible,<=,0.015
SAMN12359994,E.coli and Shigella,Escherichia coli,ciprofloxacin,susceptible,<=,0.015
SAMN43563470,E.coli and Shigella,Escherichia coli,ciprofloxacin,susceptible,<=,0.015
SAMN43565132,E.coli and Shigella,Escherichia coli,ciprofloxacin,susceptible,<=,0.015
SAMN12846495,E.coli and Shigella,Escherichia coli,ciprofloxacin,susceptible,<=,0.015
SAMN10221451,E.coli and Shigella,Escherichia coli,ciprofloxacin,susceptible,<=,0.015
SAMN10221588,E.coli and Shigella,Escherichia coli,ciprofloxacin,susceptible,<=,0.015
SAMN16304315,E.coli and Shigella,Escherichia coli,ciprofloxacin,susceptible,<,0.015
SAMN43564539,E.coli and Shigella,Escherichia coli,ciprofloxacin,susceptible,<=,0.015
SAMN10221474,E.coli and Shigella,Escherichia coli,ciprofloxacin,susceptible,<=,0.015
SAMN11960653,E.coli and Shigella,Escherichia coli,ciprofloxacin,susceptible,<=,0.015
SAMN11372930,E.coli and Shigella,Escherichia coli,ciprofloxacin,susceptible,<=,0.015
SAMN16484120,E.coli and Shigella,Escherichia coli,ciprofloxacin,susceptible,<=,0.015
SAMN26308811,E.coli and Shigella,Escherichia coli,ciprofloxacin,susceptible,<=,0.5
SAMN12359995,E.coli and Shigella,Escherichia coli,ciprofloxacin,susceptible,<=,0.015
SAMN26304618,E.coli and Shigella,Escherichia coli,ciprofloxacin,susceptible,<=,0.5
SAMN10221595,E.coli and Shigella,Escherichia coli,ciprofloxacin,susceptible,<=,0.015
SAMN31087398,E.coli and Shigella,Escherichia coli,ciprofloxacin,susceptible,==,0.03
SAMN43563473,E.coli and Shigella,Escherichia coli,ciprofloxacin,susceptible,<=,0.015
SAMN43562833,E.coli and Shigella,Escherichia coli,ciprofloxacin,susceptible,<=,0.015
SAMN26309187,E.coli and Shigella,Escherichia coli,ciprofloxacin,susceptible,<=,0.5
SAMN43563764,E.coli and Shigella,Escherichia coli,ciprofloxacin,susceptible,<=,0.015
SAMN31087217,E.coli and Shigella,Escherichia coli,ciprofloxacin,susceptible,<=,0.015
SAMN26305004,E.coli and Shigella,Escherichia coli,ciprofloxacin,susceptible,<=,0.5
SAMN26309162,E.coli and Shigella,Escherichia coli,ciprofloxacin,susceptible,<=,0.5
SAMN12091250,E.coli and Shigella,Escherichia coli,ciprofloxacin,susceptible,<=,0.015
SAMN10221218,E.coli and Shigella,Escherichia coli,ciprofloxacin,susceptible,<=,0.015
SAMN12359853,E.coli and Shigella,Escherichia coli,ciprofloxacin,susceptible,==,0.03
SAMN19670107,E.coli and Shigella,Escherichia coli,ciprofloxacin,susceptible,<=,1.0
SAMN43563676,E.coli and Shigella,Escherichia coli,ciprofloxacin,susceptible,<=,0.015
SAMN26304694,E.coli and Shigella,Escherichia coli,ciprofloxacin,susceptible,<=,0.5
SAMN43565016,E.coli and Shigella,Escherichia coli,ciprofloxacin,susceptible,<=,0.015
SAMN12943646,E.coli and Shigella,Escherichia coli,ciprofloxacin,susceptible,<=,0.015
SAMN03177626,E.coli and Shigella,Escherichia coli,ciprofloxacin,susceptible,==,0.03
SAMN48878536,E.coli and Shigella,Escherichia coli,ciprofloxacin,susceptible,<=,0.25
SAMN12359803,E.coli and Shigella,Escherichia coli,ciprofloxacin,susceptible,<=,0.015
SAMN10221222,E.coli and Shigella,Escherichia coli,ciprofloxacin,susceptible,<=,0.015
SAMN11621531,E.coli and Shigella,Escherichia coli,ciprofloxacin,susceptible,==,
SAMN10221378,E.coli and Shigella,Escherichia coli,ciprofloxacin,susceptible,<=,0.015
SAMN22785518,E.coli and Shigella,Escherichia coli,ciprofloxacin,susceptible,<=,0.015
SAMN26308849,E.coli and Shigella,Escherichia coli,ciprofloxacin,susceptible,<=,0.5
SAMN13279665,E.coli and Shigella,Escherichia coli,ciprofloxacin,susceptible,<=,0.015
